{"best_Ls": [0.017216899624073762, 0.12452386728769496, 0.02877216179548432, 0.28352089267838904, 0.05422463474179474, 0.2104033038112139, 0.06347159633468522, 0.15526684961057047, 0.0, 0.06259979411609354], "best_perplexity": 4.135879723367266}