{"best_Ls": [0.001267924747775412, 0.01727456379123391, 0.06377924143695984, 0.49104562171526556, 0.11494330008181379, 0.1690951152111371, 0.10218814894105772, 0.004142336037888096, 0.0362637480368686, 0.0], "best_perplexity": 3.88521841811028}